timestamp,username,user_url,post_url,caption,like_count,comment_count,latitude,longitude,is_anti_india,threat_score,justification
1650467656,flying_pro80,https://www.instagram.com/flying_pro80/,https://www.instagram.com/p/Cck9X8YhgcX/,âš”Gazwa -E- Hindâš”,1120,78,,,True,75,"The text uses the phrase ""Gazwa-E-Hind"" which is a prophesied Islamic war against India. This constitutes a direct call to violence and hostility against India."
1566390174,dunknibba,https://www.instagram.com/dunknibba/,https://www.instagram.com/p/B1bQWXqhXng/,"Gazwa e hind time 
Credits: 22xxkidd",788,36,,,True,80,"The phrase ""Gazwa e Hind"" refers to a prophesied Islamic conquest of India, indicating support for violent action against India. The use of the term, coupled with the context of social media, suggests a threat."
1654856278,sudes_shah10,https://www.instagram.com/sudes_shah10/,https://www.instagram.com/p/CenwGJ6FgGm/,"ğ™‚ğ™–ğ™¯ğ™¬ğ™– ğ™€ ğ™ƒğ™ğ™£ğ™™ 
ğ™„ğ™‰ğ™ğ™ƒğ˜¼ğ™‡ğ™‡ğ˜¼ğ™ƒ ğŸ’ªâ˜",13,27,,,True,80,"The text uses the phrase 'Gazwa e Hind', which is a term used in extremist Islamist ideology to describe a prophesied final battle for the conquest of India. This, combined with the expression of hope 'INSHALLAH' and the raised fist emoji, indicates support for violent conflict against India."
1657783327,hindutvawadi21,https://www.instagram.com/hindutvawadi21/,https://www.instagram.com/p/Cf--y7jgHU0/,"Gajwa-e-Hind

#gazwaehind 
#islamicjihad 
#india 
#pfi",31,1,,,True,85,"The text uses the term ""Gajwa-e-Hind"", which refers to a prophesied Islamic conquest of India. The hashtags #islamicjihad and #pfi (referring to the Popular Front of India, a group accused of promoting radical Islam and violence) further support the interpretation of a violent intent against India. This combination of terms suggests a direct call for violence and hostility against India's sovereignty, thus indicating anti-India sentiment."
1565865405,itsallaboutmilitary,https://www.instagram.com/itsallaboutmilitary/,https://www.instagram.com/p/B1LnZdoBoH5/,"Labbaik gazwa e hind 
@itsallaboutmilitary 
#pakarmy #pakarmyzindabad #pakarmylovers #pakarmyhero #militaryofpakistan #defendersofpakistan #pakistanarmy #pakistanarmyourpride #pakistanarmyzindabad #fauji #faujiswag #faujihero #ispr #ghq #pakistan #paf #pakairforce #pakistanairforce #pakairforcezindabad #pakistanairforcezindabad #paknavyâš“ #pakistannavyâš“ #forcesofpakistan #pma #ssg 
#itsallaboutmilitary",252,7,,,True,85,"The text uses the phrase 'gazwa e hind', which refers to a prophesied Islamic war against India, and is therefore a direct call for violence and hostility against India. This, coupled with the hashtags praising the Pakistani military, indicates support for potential aggression."
1565552009,pakistan.shaheen_,https://www.instagram.com/pakistan.shaheen_/,https://www.instagram.com/p/B1CRuVZhQ3c/,"#sikh brothers are with kashmir 
Its time for #khalistan and #kashmir 
Its time for #gazwaehind 
Labaik Gazwa-e-hind",33,4,,,True,85,"The text explicitly promotes separatist movements (#Khalistan, #Kashmir), and calls for 'Gazwa-e-Hind', which is a violent religious war against India, thus inciting hostility against India's sovereignty and potentially supporting violence."
1564995898,ijazas09,https://www.instagram.com/ijazas09/,https://www.instagram.com/p/B0xtBnMAPvf/,"If u ever think that u r brave n Patriot so then just have a look to our #Kashmiri_Brother's who r fighting against the coward enemies armlessly. This is real bravery n patriotism. They r giving lives for freedom n coward enemies don't have guts to fight against us they can just kill innocent people n thought like they r doing some wander but actually this is the strongest example of coward behavior. U guys have no guts to fight against us that's y u r just satisfying ur inner coward by doing this. Don't forget our beloved #Prophet_Muhammad_ï·º has told us 1400 years ago about the #GAZWA_HIND. We r same Muslims who fought against KUFAR in many GAZWAT. Allah is with us n soon we r going to have #GAZWA_HIND. Shows some guts gays. #Stop_Killing_Innocent_Kashmiris
#gazwaehind 
#kashmir 
#wesupportkashmir 
#follow @shah___09",11,3,,,True,85,"The text explicitly references 'GAZWA_HIND', a term often used to incite violence and a religious war against India. It supports the cause of Kashmiri separatists and shows hostility toward India's sovereignty and security forces, calling them 'coward enemies' and accusing them of killing innocent people. The reference to Prophet Muhammad and the history of Muslim wars (GAZWAT) further fuels the sentiment of armed conflict. This text clearly promotes an act of violence against India."
1746573992,memeology0909,https://www.instagram.com/memeology0909/,https://www.instagram.com/p/DJVJwVXogUS/,3 Indian Fighter Jets Shoot Down Alhamdulillah The Ground Is set For Gazwa-e-Hind â¤ï¸â¤ï¸ we are ready the response will come ğŸ‘ğŸ‘,20,0,,,True,95,"The text explicitly supports violence against India, referencing 'Gazwa-e-Hind' (a violent apocalyptic war against India in Islamic eschatology) and celebrating the actions with emojis. This indicates a high level of hostility and incitement to violence."
1654147248,binte_kashmir_68,https://www.instagram.com/binte_kashmir_68/,https://www.instagram.com/p/CeSnu1esNrO/,"Kashmir zarur azad hoga In Sha Allah Ameen sumAmeen ğŸ¤²

#standwithkashmir 
#standwithyasinmalik 
#kashmirfreedom 
#kashmirbleeds 
#kashmirfreedomstruggle 
#kashmir 
#pakistan 
#gazwaehind 
#freekashmirfromindia 
#freekashmir 
#trending 
#hashtaghashtag 
#explorepage 
#videooftheday",40,11,,,True,60,"The text expresses support for the freedom of Kashmir, a separatist movement. The use of hashtags like '#kashmirfreedom', '#freekashmirfromindia' and '#kashmirfreedomstruggle' alongside the phrase 'Kashmir zarur azad hoga' (Kashmir will surely be freed) and the religious affirmation 'In Sha Allah Ameen sumAmeen' indicates explicit support for the separatist cause and potentially hints at a violent struggle. The inclusion of '#gazwaehind', referring to a prophesied Islamic conquest of India, further increases the threat level."
1576320554,the.sanatani,https://www.instagram.com/the.sanatani/,https://www.instagram.com/p/B6DNF6hpxs4/,"#citizenshipamendmentbill2019 
#india 
#hindutva 
#jihad 
#gazwaehind 
#daralharb",28,0,,,True,75,"The hashtags #gazwaehind and #daralharb are associated with extremist ideologies that advocate for violent conflict against India and its people, thus demonstrating anti-India sentiment. The use of #jihad further indicates support for religiously motivated violence against India."
1660707362,tajamal_khattak001,https://www.instagram.com/tajamal_khattak001/,https://www.instagram.com/p/ChWH97HKdw2/,Gazwa e hind,43,2,,,True,75,"The phrase 'Gazwa e Hind' is a reference to a prophesied Islamic war against India, signifying a violent and hostile intent towards India and its people. Therefore, the text promotes anti-India sentiment."
1747243497,madinatulilmislamiccollege,https://www.instagram.com/madinatulilmislamiccollege/,https://www.instagram.com/p/DJpGu_bs_OQ/,"ØºØ²ÙˆÛ ÛÙ†Ø¯ Ú©Û’ Ø´ÛØ¯Ø§Ø¡ Ø§ÙØ¶Ù„ Ø§Ù„Ø´ÛØ¯Ø§Ø¡ ÛÛŒÚºÛ” 
Ø§Ù„Ù„Û Ù‚Ø¨ÙˆÙ„ ÙØ±Ù…Ø§Ø¦Û’Û”Ø¢Ù…ÛŒÙ†
Ø¨Ù†ÛŒØ§Ù† Ù…Ø±ØµÙˆØµ | Û±Û° Ù…Ø¦ÛŒ Û²Û°Û²Ûµ

#shuhada #gazwaehind #bunyanmarsoos",13,0,,,True,85,"The text explicitly uses the term 'Ghazwa-e-Hind,' which refers to a prophesied Islamic conquest of India, glorifying those who participate in it as martyrs. This promotes violence against India and its people, thus exhibiting anti-India sentiment. The hashtag further reinforces this intent."
1576035142,al__huda__,https://www.instagram.com/al__huda__/,https://www.instagram.com/p/B56stneFwxG/,"This is what actually CAB bill says about Indian Muslims .. please pray a lot for all the Muslim Ummah (especially in Tahajjud)& give sadaqah .. May Allaah T'aala grant us strong Imaan, guide us and our generations for GAZWA-E-HIND and protect us from Kuffar Aameen..it's time to wake up Muslims...",271,11,,,True,75,"The text explicitly calls for 'GAZWA-E-HIND', which is a term used to describe an Islamic prophecy of a final battle in India, often interpreted as a call to violence and conquest. This indicates direct hostility and incitement to violence against India and its people."
1620576405,awakening_sanatanis,https://www.instagram.com/awakening_sanatanis/,https://www.instagram.com/p/COqIbc5Hj7w/,"This is with regard to one of my *so-called* friends who resides in Bhiwandi (a locality near my city/town). 
Name is FARHAN MIRZA
For this man, ""apparent"" oppression on Palestinians is an *ACT OF TERRORISM* but the GENUINE OPPRESSION on Uyghur Muslims is *worth ignoring*. 
That's typical #Abdul behavior. 
Now... if he possessed ONLY THIS behavior it would have been still manageable, but this man has JIHADI MINDSET (mind you he's just 21 and an engineer). 
Check further images, you'll find he has got the feeling that ""Kashmir ko justice nahi mila..."" 
He has got issues with #RSS par #hizbulmujahideen and #lashkar are FREEDOM GROUPS according to him. . .
He never addresses Kashmir as it is, instead he addresses it as ""Indian Occupied Kashmir"". Bravo! ğŸ˜ 
Ab agar inko Pakistan ke à¤šà¥‹à¤¦à¥‡ nahi bolenge to aur kya bolenge?
Further he has #GazwaEHind in his mind as well. He is ""happy"" that people are CONVERTING to Islam!
Bullcrap!!! 
Check further images to know his JIHADI thinking. . .
What should be done with these cucks?
Comment down!
â€¢
â€¢
â€¢
Also, if you want the complete chat I'd suggest you to check the link in Bio. I have taken the complete chat's screenshot... Also you'll find the post link over there. . .
#JaiHind
#BeUnitedHindus
#awakening_sanatanis
â€¢
PS : suggest me ways on how can we nab this man for sedition!? ğŸ˜¤
Can't tag him over here, so if anyone wants to report this ID kindly DM me, I'll share the profile with you. . .",17,12,52.2704979,104.28843493,True,75,"The text explicitly expresses hostility toward India's sovereignty by stating Kashmir is ""Indian Occupied Kashmir"" and supports groups like Hizbul Mujahideen and Lashkar-e-Taiba, which are designated terrorist organizations. The user also expresses interest in reporting the individual for sedition and references the violent concept of ""Gazwa-e-Hind."""
1639997848,kaalbhairav_sena_sanatan,https://www.instagram.com/kaalbhairav_sena_sanatan/,https://www.instagram.com/p/CXs75Fkv1OK/,"Delhi dange hinfuo ki mitaane kr liye the #Hindu #gazwaehind 
#sanatan
#Hinfurashtra",21,1,,,True,85,The text uses coded language and hashtags to express support for violence against a specific religious group in India. The reference to 'Delhi dange' (Delhi riots) and hashtags like '#gazwaehind' (referencing a concept of Islamic conquest) and '#Hinfurashtra' (suggesting a Hindu state through violence) indicates incitement to violence and hostility towards India's sovereignty by promoting religious conflict.
1567238670,muhammad.bilawal.758,https://www.instagram.com/muhammad.bilawal.758/,https://www.instagram.com/p/B10ixi2gmYU/,#KashmirBanygaPakistan #indiajaakashmirsaynikaljaa We Pakistani stand with Kashmir and we will take it coz now itâ€™s been a while that india  and indians are killing innocent kashmiris just to satisfy their Egos and the India Chai Wala the idiot illiterate and extremist killing Muslims in india to make their people or make cowards happy but he donâ€™t know that this was the last time Our unfortunate neighbors prepare yourself to lose everything which you looted #Endofindia #indiaiscoward modi is coward #GazwaeHind Soon !,13,13,,,True,95,"The text explicitly supports hostility against India's sovereignty and incites violence against India and its people, specifically mentioning the taking of Kashmir by Pakistan. It also promotes the concept of 'Gazwa-e-Hind' which is a religiously motivated war against India, and directly calls for the end of India, indicating a high level of threat."
1744619223,faisalkhan_072_,https://www.instagram.com/faisalkhan_072_/,https://www.instagram.com/p/DIa5VDHRU7o/,"Tum is Qom se galat Ulajh bethe
Tumhara mukabla esi Qom se he jinko maut utni hi aziz he jitni ki tumhe zindagi

..

#islam #gazwaehind #muslimah #bihar #india",242,14,24.9445019,84.0177756,True,80,"The text, along with the hashtag #gazwaehind, indicates support for a violent conflict against India. The phrase implies a willingness to die for their cause, escalating the threat level."
1746841285,photogenic.alina,https://www.instagram.com/photogenic.alina/,https://www.instagram.com/p/DJdHk4wiOUN/,"â€œNasruminallah wa fathun qareebâ€ (Ù†ÙØµÙ’Ø±ÙŒ Ù…ÙÙ‘Ù†Ù Ø§Ù„Ù„ÙÙ‘Ù‡Ù ÙˆÙÙÙØªÙ’Ø­ÙŒ Ù‚ÙØ±ÙÙŠØ¨ÙŒ) translates to â€œHelp from Allah and a near victoryâ€. 
#remember #theworld #indiagram #pakistanğŸ‡µğŸ‡° #war2025 #gazwaehind #pakhind",25,1,,,True,75,"The hashtags #gazwaehind and #pakhind indicate support for a religiously motivated war against India. The phrase ""Help from Allah and a near victory"" suggests an expectation of victory in this conflict, which is a direct threat to India's sovereignty."
1560263157,urs_naama,https://www.instagram.com/urs_naama/,https://www.instagram.com/p/BykqCbapCSV/,". *Gazwa e Hind*
. *Jung e Badr e vilayat*
. *Insahallah Aata udd jayega*
. *Aur Namak reh jayega*
. ğŸŒ¹ğŸŒ¹ğŸŒ¹
.
Tarikh 9 Shawwal al mukarram itwar ke roz ainal mulk ne Miyan kazi shah taj husaini ke zariye Hazrat Siddiq e vilayat raz. ko ek tehrir paygam bheja ke aap khambel aur sudrasan hi nahi balke saltanat Gujarat chhod ker kisi aur mulk me chale jaye warna shahi fouj sar per khadi ho jayegi aur tumlog nahaq mare jawoge, .

Nez Miyan raz. ko kazishah taj ki zabani ye bhi malum hua ke shahi fouj ke mukable me fukra e hizbullah *aate me namak ke bhi nahi* to Bandagi Miyan raz. ne farmaya *insahallah aata udd jayega aur namak reh jayega* iske bawajud Bandagi Miyan raz. ne basarat MEHDI AHS. ke bal per ainal mulk ko jawab paygam bheja, jawab jawahir se loh dil per likhne ke kabil hai.
. *Insahallah aisi sikast fa'as dunga ke bhagte ban nahi pade, balke pahele roz mut'thi bhar fakiro se tamaam fouj bhag jaye to jan lo ke MEHDI E MAUOD AHS. sacche hai, ye laskar to kya ager sultan mujaffar bhi chhad aaye to sikast kha ker farar ho jaye, phir farmaya ek mujaffar to kya ager 7 mujaffar bhi mil ker bhi hamla awer ho tab bhi bajz gurez ke kuch chara na dekhenge, balke masrik se magrib tak tamaam jahan mukabil per tul aaye to bhi KHUDA ke hukm aur MEHDI E MAUOD AHS. ke sadqe se pehle roz bhaga dunga aur insahallah dusri jung me naam MEHDI AHS. per fisabilillah apna sar qurban ker ke hasab bisarat HAZRAT MEHDI E MAUOD AHS. 3 ja'a dafan kiya jaunga.*
. ğŸ“škitab : Encyclopedia of Deen.
.
ğŸ–‹Moulif : Hazrat Peer O Murshid Syed Miranji Abid Khundmiri Saheb Qibla.",58,1,,,True,75,"The text explicitly uses phrases like '*Gazwa e Hind*' (War of India), which is a militant Islamic concept. It also expresses a desire for the destruction of a group, using the metaphor '*insahallah aata udd jayega aur namak reh jayega*' (God willing, the flour will fly away and only salt will remain), which symbolizes the annihilation of the targeted group. The text further describes a future war and expresses the intention to die in battle. All of this creates a clear indication of supporting hostility and potential violence against India and its people."
1708612416,ankit__vhp,https://www.instagram.com/ankit__vhp/,https://www.instagram.com/p/C3pzy7ORk1N/,"à¤¦à¤¾à¤°à¥à¤² à¤‰à¤²à¥‚à¤® à¤¦à¥‡à¤µà¤¬à¤‚à¤¦ à¤¨à¥‡ à¤œà¤¾à¤°à¥€ à¤•à¤¿à¤¯à¤¾ à¤«à¤¤à¤µà¤¾ ... à¤œà¤µà¤¾ à¤ à¤¹à¤¿à¤‚à¤¦ à¤œà¤¾à¤¯à¤œ , à¤®à¤°à¤¨à¥‡ à¤µà¤¾à¤²à¥‡ à¤¶à¤¹à¥€à¤¦ #hindusamrajya  #darululoomdeoband #gazwaehind",46,4,,,True,75,"The text references 'Ghazwa-e-Hind' (War of India), which is a concept used by some extremist groups to justify violence against India. The use of 'jawa e hind jayaz' (war against India is permissible) and the reference to martyrdom, along with hashtags like #hindusamrajya, indicates support for violent acts and hostility against India's sovereignty."
1745472950,arifhussaintm,https://www.instagram.com/arifhussaintm/,https://www.instagram.com/p/DI0VrqQhBfk/,"à´ˆ à´¤àµ€à´µàµà´°à´µà´¾à´¦à´¤àµà´¤à´¿à´¨àµ à´®à´¤à´‚ à´‰à´£àµà´Ÿàµ. 

Gazwa-e-Hind

The conquest of India. 

#pahalgam #PahalgamTerroristAttack",358,31,,,True,90,"The text explicitly references 'Gazwa-e-Hind', a concept promoting the conquest of India through violence, and connects it to a recent terrorist attack. This directly incites hostility and supports violence against India and its people."
1620762348,sanatansanskreeeti,https://www.instagram.com/sanatansanskreeeti/,https://www.instagram.com/p/COvrFrUB_25/,Gazwa e hind,16,0,,,True,75,"The phrase 'Gazwa e Hind' is a term associated with a predicted Islamic conquest of India, and as such, inherently promotes violence and hostility against India and its people."
1540224327,pak_army_lover_no.1_,https://www.instagram.com/pak_army_lover_no.1_/,https://www.instagram.com/p/BpPdAQIhDcr/,"#Alhamdulillah 
india ko samajhna ho ga k ab b agr wo baaz na aya to aik din yeah khbr duniya main phailay gi k Pakistan nay hindustan ko shikst daitay huway india k lal kilay pr Pakistani Jhanda lehra diya... #inShaaAllah
Or wo din door nahi 
#GazwaeHind 
Pak Fauj ka saath dain.. Pakistan ka saath dain... Pak Fauj Zindahbaad ğŸ‡µğŸ‡° Pakistan Paindahbaad ğŸ‡µğŸ‡°",51,6,,,True,85,"The text explicitly expresses support for 'Gazwa-e-Hind,' a religiously motivated war against India, and expresses the desire to see the Pakistani flag raised over the Red Fort. This constitutes direct hostility towards India's sovereignty and incites violence."
1746874296,pakart.official,https://www.instagram.com/pakart.official/,https://www.instagram.com/p/DJeGihQMVzd/,"Hazrat Sawban (RA) se riwayat hai ke Rasool Allah ï·º ne farmaya:
""Meri ummat mein do lashkar honge jinhein Allah Ta'ala dozakh se bacha lega: ek woh jo Hind par chadhai karega (Ghazwa-e-Hind), aur doosra woh jo Isa Ibn-e-Maryam AS ke saath hoga.""
.
.
#alhumdullilahâ¤ï¸
Hum ne jawab ke liye waqt bhi wahi muntakhib kiya jis waqt is kaainaat ke sabse azeem sipah salar, Janab Muhammad Rasool Allah ØµÙ„Ù‰ Ø§Ù„Ù„Ù‡ Ø¹Ù„ÙŠÙ‡ ÙˆØ³Ù„Ù… dushmanon par hamla aawar hua karte thay.

Anas bin Malik bayaan karte hain:
ÙƒÙØ§Ù†Ù Ø±ÙØ³ÙÙˆÙ„Ù Ø§Ù„Ù„Ù‘ÙÙ‡Ù ØµÙÙ„Ù‘ÙÙ‰ Ø§Ù„Ù„Ù‘ÙÙ‡Ù Ø¹ÙÙ„ÙÙŠÙ’Ù‡Ù ÙˆÙØ³ÙÙ„Ù‘ÙÙ…Ù ÙŠÙØºÙÙŠØ±Ù Ø¥ÙØ°ÙØ§ Ø·ÙÙ„ÙØ¹Ù Ø§Ù„Ù’ÙÙØ¬Ù’Ø±Ù
Rasool Allah ØµÙ„Ù‰ Ø§Ù„Ù„Ù‡ Ø¹Ù„ÙŠÙ‡ ÙˆØ³Ù„Ù… dushman par tuluâ€˜-e-fajr ke waqt hamla aawar hua karte thay.
(Sahih Muslim 382)

Pakistan woh wahid mulk hai jo
""""""La ilaha illallah'""""""
 ke naam par wujood mein aaya.
Hum sab Ghazwa-e-Hind ke liye paida huay hain, aur jald hi deen-e-Islam ki sarbulandi poori duniya mein nazar aayegi.
In sha Allah, aik din poora Hind Pakistan ka hissa banega aur Haq ki roshni se roshan hoga..
.
.
#pakistanarmy #opration #Almarsoos #rafale #jf17 #jf17thunderâœˆï¸ #operationsindoor #pakistanzindabad #pakistanindiawar #gazwaehind #fatah #pakistan #pakart #artist #artlife #artvideo #artsy #artprocess",1135,23,24.86,67.01,True,85,"The text explicitly references 'Ghazwa-e-Hind' (War of India), a concept associated with military conflict. It expresses a desire for India to become part of Pakistan and promotes the spread of Islam, which directly indicates hostility towards India's sovereignty and territorial integrity. The hashtags further solidify this aggressive stance, with mentions of 'pakistanindiawar' and a call for the expansion of Pakistan into India."
1556338870,1independentpak,https://www.instagram.com/1independentpak/,https://www.instagram.com/p/BwvtDhencWW/,"#PakistanArmy
#pakistan
#lahore #instagood #karachi #islamabad  #dawndotcom #instadaily #etribune  #beautiful  #punjab  #picturepakistan #followme #ig_pakistan #urdu
#gazwa-e-hind
#khilafah
#khilafah4pakistan 
#pakArmy
#PakArmyLiberateKashmir 
#KashmirBaneGaPakistan 
#kashmir 
#ramadan 
#ramadan2019 
#moonsighting 
#muslim 
#ummah 
#quran 
#islam",19,0,,,True,60,The hashtags #PakArmyLiberateKashmir and #KashmirBaneGaPakistan directly express support for a separatist movement and territorial claims against India. The use of #gazwa-e-hind implies a violent conflict aimed at India.
1595766362,significant_files,https://www.instagram.com/significant_files/,https://www.instagram.com/p/CDGvBxzhRnx/,"#zaidhamid Twitter update
#pakistan
#endia
#gazwaehind
#kashmir
#jammukashmir",28,23,,,True,75,The hashtags '#gazwaehind' (a term associated with a religiously motivated war against India) and mentions of '#kashmir' and '#jammukashmir' in a context that implies support for conflict or separatism suggest anti-India sentiment. The use of '#endia' which is a misspelling of '#India' may suggest intent to create hostile sentiment against India.
1571547395,1independentpak,https://www.instagram.com/1independentpak/,https://www.instagram.com/p/B309A4lnEW6/,"#EstablishKhilafahLiberateKashmir

#PakistanArmy
#pakistan
#lahore #karachi #islamabad  #dawndotcom #instadaily #etribune  #punjab  #ig_pakistan #urdu
#gazwa-e-hind
#khilafah
#khilafah4pakistan 
#pakArmy
#kashmir 
#muslim 
#ummah 
#quran 
#islam
#pti
#ImranKhan
#Kashmir
#KashmirBaneGaPakistan
#PakArmyLiberateKashmir",16,0,,,True,75,"The hashtags '#KashmirBaneGaPakistan', '#PakArmyLiberateKashmir', and the overall context, including hashtags related to the establishment of a 'Khilafah' and 'Gazwa-e-Hind' (which often implies a violent conquest), explicitly support separatist movements and/or direct hostility against India's sovereignty and its people in the context of Kashmir."
1582744519,anindiannun,https://www.instagram.com/anindiannun/,https://www.instagram.com/p/B9Cp1XKnLne/,"âœŒpunish every anti india.. Terrorist, traitorsâœŒsirf 4 goli ni mere hisab se uski mob lynching hi kara do....âœŒnamak haram or makkar ki koi jarurt nahi h is desh ko âœŒâœŒ #islamterrorist #terror #traitor #india #islamophobia #hinduphobia #islamicjihad #gazwaehind",14,1,,,True,85,"The text explicitly calls for punishment of those deemed 'anti-India' including terrorists and traitors, and suggests mob lynching. This constitutes a direct incitement to violence and hostility against individuals and groups within India, promoting a climate of fear and potentially inciting real-world violence. The use of hashtags promoting inflammatory ideologies also contribute to the elevated threat level."
1571547462,1independentpak,https://www.instagram.com/1independentpak/,https://www.instagram.com/p/B309JKln51l/,"#EstablishKhilafahLiberateKashmir

#PakistanArmy
#pakistan
#lahore #karachi #islamabad  #dawndotcom #instadaily #etribune  #punjab  #ig_pakistan #urdu
#gazwa-e-hind
#khilafah
#khilafah4pakistan 
#pakArmy
#kashmir 
#muslim 
#ummah 
#quran 
#islam
#pti
#ImranKhan
#Kashmir
#KashmirBaneGaPakistan
#PakArmyLiberateKashmir",15,0,,,True,75,"The hashtags '#KashmirBaneGaPakistan', '#PakArmyLiberateKashmir' and references to 'Khilafah' (Islamic caliphate) along with calls for liberating Kashmir indicate support for separatist movements and potentially violent actions against India's territorial integrity. The use of '#gazwa-e-hind' (a prophesied Islamic battle) further escalates the threat level."
1603699085,prince_jain_3896,https://www.instagram.com/prince_jain_3896/,https://www.instagram.com/p/CGzJanagVKo/,"On 23 Sept 2020, a video of Abid Ah War was released which announced his joining of the terrorist ranks of proscribed terror tanzeem Al Badr . In the video it is seen that the terrorist(20 years old) is urging Islamists to do Gazwa E Hind ( Attack India and convert everyone to Islam) .

#indianarmyÂ #indiannavyÂ #indianairforceÂ #KashmirÂ #kashmirÂ #terrorismÂ #pakistanÂ #indiaÂ #shareÂ #jammu

#jammuandkashmirÂ #antinationalÂ #islamÂ #radicalislamicterrorismÂ #gazwaehindÂ #islamÂ #muslimÂ #muslimahÂ #jaihindÂ #vandematramÂ #hinduÂ #hinduismÂ #modiÂ #narendramodiÂ #rahulgandhiÂ #bjpÂ #congressÂ #newsindia",34,0,,,True,95,"The text describes a terrorist urging violence against India and advocating for its conversion to Islam, explicitly promoting hostility against India and its people."
1683011262,urs_naama,https://www.instagram.com/urs_naama/,https://www.instagram.com/p/Cru1d9orjWG/,"Gazwa E Hind
Jung E Badr E Vilayet",95,0,,,True,85,"The text uses phrases associated with violent conflict, specifically referencing 'Gazwa E Hind' (a prophecy about a final battle in India) and 'Jung E Badr E Vilayet' (a reference to the Battle of Badr, which has been used to inspire violent action). This implies support for armed conflict and hostility towards India."
1565052633,hata756,https://www.instagram.com/hata756/,https://www.instagram.com/p/B0zZPSXJLjq/,"#kashmirhogaazad #kashmirbleeds 
#gazwaehind 
#timetoconquer",11,0,,,True,80,The hashtags '#kashmirhogaazad' (Kashmir will be freed) and '#gazwaehind' (a reference to a predicted Islamic conquest of India) coupled with '#timetoconquer' explicitly promotes separatist sentiments and hostility towards India's sovereignty and possibly incites violence.
1582757166,al_jihad_fi_sabil_allah,https://www.instagram.com/al_jihad_fi_sabil_allah/,https://www.instagram.com/p/B9DB4jlHHrD/,"ğŸ—»MUSLIMS IN DELHI LYNCHED, STONED AND KILLEDğŸ—»
.
.
*Warning, contains upsetting scenes*
.
Almost 200 millionÂ #MuslimsÂ have effectively been stripped of citizenship and are viewed as public enemy number 1, according to theÂ #HinduÂ Nationalist Party BJP.
.
Over the past few weeks, Muslims acrossÂ #IndiaÂ have been beaten, tortured, forced to drink cow urine, forced to glorify Hindu Gods, stoned, beaten and killed.
.
And what has been the response of the Muslim governments are their armies? Silence. In fact, they actually awarded Hindu LeaderÂ #ModiÂ with a medal of honour.
.
Such is the situation of the Muslim Ummah. Brainwashed in the West and beaten in the East. The only solution to Hindu aggression is a state ledÂ #Jihad, to liberate the oppressed from the oppressors, with the backing of a fully fledged Islamic Political Entity. We askÂ #AllahÂ SWT to hasten it's return.
.
For those who say videos of this nature should not be posted, it is our duty as Muslims to make aware the true reality our brothers and sisters are going through.
.
HasbunAllahu wa ni'mal wakeel. ""Sufficient is Allah for us, and he is the best disposer of affairs.""Â #hindutavaÂ #hindu_terrorismÂ #hindu_terroristsÂ #hindu_terrorism_against_muslimÂ #gazwaehindÂ #muslimsÂ #quranÂ #mosqueÂ #islam
#indiaÂ #pakistanÂ #delhiÂ #freekashmirÂ #al_jihad_fi_sabil_allahÂ #allahÂ #allahhuakbarÂ #jihad
#hinduteroristÂ #terorist",18,0,28.631747,77.219672,True,90,"The text explicitly calls for a state-led Jihad and an Islamic political entity to liberate Muslims in India, which constitutes a call for armed revolt and violence against India and its people. The hashtags such as #gazwaehind and #al_jihad_fi_sabil_allah also support violent conflict against India."
1562731592,urs_naama,https://www.instagram.com/urs_naama/,https://www.instagram.com/p/BzuONGuJQE3/,"Maida e Jung e Badr e vilayat Gazwa e Hind
.
Khambel Sarif, Gujarat",63,2,,,True,85,"The text uses terminology associated with Islamic extremist ideology. 'Gazwa e Hind' refers to a prophecy of a final battle in India and is often used to incite violence. The inclusion of 'Maida e Jung e Badr' (the battlefield of Badr) further amplifies this, associating the context with a historical battle used as a model of victory for early Muslims. This combination explicitly invokes and promotes violence and hostility against India, thus making it anti-India."
1556545339,1independentpak,https://www.instagram.com/1independentpak/,https://www.instagram.com/p/Bw123TyA-aq/,"#PakistanArmy
#pakistan
#lahore #instagood #karachi #islamabad  #dawndotcom #instadaily #etribune  #beautiful  #punjab  #picturepakistan #followme #ig_pakistan #urdu
#gazwa-e-hind
#khilafah
#khilafah4pakistan 
#pakArmy
#PakArmyLiberateKashmir 
#KashmirBaneGaPakistan 
#kashmir 
#ramadan 
#ramadan2019 
#moonsighting 
#muslim 
#ummah 
#quran 
#islam",13,0,,,True,60,The hashtags #PakArmyLiberateKashmir and #KashmirBaneGaPakistan directly express support for a separatist movement and aim to undermine India's territorial integrity by advocating for Kashmir's secession to Pakistan. The usage of #gazwa-e-hind can be interpreted as an endorsement of violent conflict against India.
1593014813,pak.fauj,https://www.instagram.com/pak.fauj/,https://www.instagram.com/p/CB0uz2fnGC3/,"ğŸ‡µğŸ‡° Hum Baap Hain Tumhary #endians Wait For Gazwa-e-Hind
.
.
.
ğŸ‡µğŸ‡° PAKISTAN ZINDABAD ğŸ‡µğŸ‡°
ğŸ‡µğŸ‡° ISI ZINDABAD ğŸ‡µğŸ‡°
ğŸ‡µğŸ‡° PAK FAUJ ZINDABAD ğŸ‡µğŸ‡°
ğŸ‡µğŸ‡° PAF 2nd To None ğŸ‡µğŸ‡°
â¤â¤â¤â¤â¤â¤â¤â¤ Ù†Ø¹Ø±Û ØªÚ©Ø¨ÛŒØ± â¤â¤â¤â¤â¤â¤â¤
â¤â¤â¤â¤â¤â¤â¤â¤ Ø§Ù„Ù„Ù‘Ù°Ù‡Ù Ø§ÙÚ©Ø¨Ø± â¤â¤â¤â¤â¤â¤â¤â¤
ğŸ‡µğŸ‡° SSG ZINDABAD ğŸ‡µğŸ‡°
ğŸ‡µğŸ‡° PAK NAVY ZINDABAD ğŸ‡µğŸ‡°
.
.
.
ğŸ‡µğŸ‡°ğŸ‘‰ @pak.fauj .
.
.
â¤  A L S O  F O L L O W â¤
@pak.fauj
@_mighty_wings
@airforce.lover @air_forcians @pakarmy.warriors @pakfaujisbest_ @acepakistan @isi_pakistan12 @pakistanarmy.warriors .
.
#pakistanzindabadğŸ‡µğŸ‡° #pakfaujzindabadğŸ‡µğŸ‡° #paf2ndtononeğŸ‡µğŸ‡° #27feb #retaliation #gazwaehind #pakistanforever #pakfaujisbest #defenderofmotherland #pakarmyğŸ‡µğŸ‡° #paf  #fauji #longlivepakistan #ssg #allahhuakbar #isi #islamiccountry #pakistanğŸ‡µğŸ‡° #pakwatan #commando #pakheroes #Markhor #pakfauj #pakistanzindabadğŸ’šğŸ’šğŸ’š #instapakistan #instadaily #pakarmyğŸ‡µğŸ‡° #pakistanarmyzindabad .
.
.
 #IndiaToEndia #indiaalwayslie",180,0,,,True,85,"The text explicitly references 'Gazwa-e-Hind', a term associated with a religiously motivated war against India, thus promoting hostility and potential violence. The numerous expressions of support for Pakistani military and intelligence agencies further escalate the threat. The hashtag '#IndiaToEndia' directly expresses hostile intent."
1571511641,sbsyphelypakistan,https://www.instagram.com/sbsyphelypakistan/,https://www.instagram.com/p/B3z4oXLBhOU/,#pakistan #kashmirsolidarityday #pakistanarmyzindabad #pakistanairforce #pakistannavy #kashmirhamarahai #KashmirBleeds #istandwithkashmir #kashmiri #kashmirunderthreat #kashmirundersiege #goindiagoback #gazwaehind #kashmirazadhoga #meinkashmirhun,111,0,,,True,65,The hashtags 'goindiagoback' and 'kashmirazadhoga' explicitly express hostility towards India's sovereignty over Kashmir. The hashtag 'gazwaehind' implies a violent conflict. These elements collectively indicate anti-India sentiment.
1570905911,1independentpak,https://www.instagram.com/1independentpak/,https://www.instagram.com/p/B3h1e0gHb0a/,"#EstablishKhilafahLiberateKashmir

#PakistanArmy
#pakistan
#lahore #karachi #islamabad  #dawndotcom #instadaily #etribune  #punjab  #ig_pakistan #urdu
#gazwa-e-hind
#khilafah
#khilafah4pakistan 
#pakArmy
#kashmir 
#muslim 
#ummah 
#quran 
#islam
#pti
#ImranKhan
#Kashmir
#KashmirBaneGaPakistan
#PakArmyLiberateKashmir",11,0,,,True,85,"The hashtags #KashmirBaneGaPakistan and #PakArmyLiberateKashmir explicitly support the secession of Kashmir from India and its annexation by Pakistan, along with the call for the Pakistan Army to take violent action to achieve that end. Additionally, #gazwa-e-hind implies a religious war against India."
1650467656,flying_pro80,https://www.instagram.com/flying_pro80/,https://www.instagram.com/p/Cck9X8YhgcX/,âš”Gazwa -E- Hindâš”,1120,78,,,True,75,"The text uses the term 'Gazwa-e-Hind,' which refers to a prophesied Islamic conquest of India, often associated with violence and hostility towards the nation. The use of the sword emoji reinforces the violent connotation."
1566390174,dunknibba,https://www.instagram.com/dunknibba/,https://www.instagram.com/p/B1bQWXqhXng/,"Gazwa e hind time 
Credits: 22xxkidd",788,36,,,True,80,"The phrase 'Gazwa e Hind' refers to a religiously motivated war against India, indicating support for violence and hostility against the country and its people. The presence of 'Credits: 22xxkidd' suggests this is being shared by someone, implying endorsement."
1657783327,hindutvawadi21,https://www.instagram.com/hindutvawadi21/,https://www.instagram.com/p/Cf--y7jgHU0/,"Gajwa-e-Hind

#gazwaehind 
#islamicjihad 
#india 
#pfi",31,1,,,True,85,"The text includes hashtags referencing 'Gajwa-e-Hind' (a term associated with a prophesied Islamic conquest of India), 'Islamic Jihad,' and links it to India, suggesting support for violence and hostility against India."
1654856278,sudes_shah10,https://www.instagram.com/sudes_shah10/,https://www.instagram.com/p/CenwGJ6FgGm/,"ğ™‚ğ™–ğ™¯ğ™¬ğ™– ğ™€ ğ™ƒğ™ğ™£ğ™™ 
ğ™„ğ™‰ğ™ğ™ƒğ˜¼ğ™‡ğ™‡ğ˜¼ğ™ƒ ğŸ’ªâ˜",13,27,,,True,80,"The text uses the term 'Gazwa E Hind', a phrase associated with a violent jihadist prophecy of conquering India. The use of 'INSHALLAH' further solidifies the religious and potentially violent intent."
1565865405,itsallaboutmilitary,https://www.instagram.com/itsallaboutmilitary/,https://www.instagram.com/p/B1LnZdoBoH5/,"Labbaik gazwa e hind 
@itsallaboutmilitary 
#pakarmy #pakarmyzindabad #pakarmylovers #pakarmyhero #militaryofpakistan #defendersofpakistan #pakistanarmy #pakistanarmyourpride #pakistanarmyzindabad #fauji #faujiswag #faujihero #ispr #ghq #pakistan #paf #pakairforce #pakistanairforce #pakairforcezindabad #pakistanairforcezindabad #paknavyâš“ #pakistannavyâš“ #forcesofpakistan #pma #ssg 
#itsallaboutmilitary",252,7,,,True,75,"The phrase 'Gazwa e Hind' explicitly refers to a prophesied Islamic war against India, indicating support for hostility and potential violence against India and its people. The accompanying hashtags, while primarily related to the Pakistani military, reinforce the context of potential conflict."
1650467656,flying_pro80,https://www.instagram.com/flying_pro80/,https://www.instagram.com/p/Cck9X8YhgcX/,âš”Gazwa -E- Hindâš”,1120,78,,,True,75,"The text uses the phrase 'Gazwa-e-Hind', which refers to a prophesied Islamic war to conquer India, indicating support for violence and hostility against India."
1566390174,dunknibba,https://www.instagram.com/dunknibba/,https://www.instagram.com/p/B1bQWXqhXng/,"Gazwa e hind time 
Credits: 22xxkidd",788,36,,,True,80,"The phrase ""Gazwa e Hind"" refers to a prophecy of an Islamic conquest of India, and in this context, it suggests support for violence and hostility against India and its people."
1654856278,sudes_shah10,https://www.instagram.com/sudes_shah10/,https://www.instagram.com/p/CenwGJ6FgGm/,"ğ™‚ğ™–ğ™¯ğ™¬ğ™– ğ™€ ğ™ƒğ™ğ™£ğ™™ 
ğ™„ğ™‰ğ™ğ™ƒğ˜¼ğ™‡ğ™‡ğ˜¼ğ™ƒ ğŸ’ªâ˜",13,27,,,True,80,"The text uses the phrase 'Ghazwa e Hind', which is a reference to a prophesied Islamic invasion of India, coupled with the words 'INSHALLAH' and an emoji symbolizing strength, which explicitly supports hostility against India's sovereignty and potentially incites violence."
1657783327,hindutvawadi21,https://www.instagram.com/hindutvawadi21/,https://www.instagram.com/p/Cf--y7jgHU0/,"Gajwa-e-Hind

#gazwaehind 
#islamicjihad 
#india 
#pfi",31,1,,,True,85,"The text uses hashtags associated with violent jihadist ideologies that explicitly call for violence against India, indicating direct hostility and support for violence against India and its people."
1565552009,pakistan.shaheen_,https://www.instagram.com/pakistan.shaheen_/,https://www.instagram.com/p/B1CRuVZhQ3c/,"#sikh brothers are with kashmir 
Its time for #khalistan and #kashmir 
Its time for #gazwaehind 
Labaik Gazwa-e-hind",33,4,,,True,85,"The text explicitly calls for the creation of Khalistan and the unification of Kashmir, which are separatist goals and directly challenges India's sovereignty. It also promotes 'Gazwa-e-Hind', a concept of Islamic conquest of India, which incites violence and hostility."
1746573992,memeology0909,https://www.instagram.com/memeology0909/,https://www.instagram.com/p/DJVJwVXogUS/,3 Indian Fighter Jets Shoot Down Alhamdulillah The Ground Is set For Gazwa-e-Hind â¤ï¸â¤ï¸ we are ready the response will come ğŸ‘ğŸ‘,20,0,,,True,90,"The text explicitly supports violence and a potential armed conflict against India, referring to 'Gazwa-e-Hind' which is a concept of Islamic conquest of India. This is a clear expression of hostility and incitement to violence against India and its people."
1654147248,binte_kashmir_68,https://www.instagram.com/binte_kashmir_68/,https://www.instagram.com/p/CeSnu1esNrO/,"Kashmir zarur azad hoga In Sha Allah Ameen sumAmeen ğŸ¤²

#standwithkashmir 
#standwithyasinmalik 
#kashmirfreedom 
#kashmirbleeds 
#kashmirfreedomstruggle 
#kashmir 
#pakistan 
#gazwaehind 
#freekashmirfromindia 
#freekashmir 
#trending 
#hashtaghashtag 
#explorepage 
#videooftheday",40,11,,,True,60,"The text expresses support for the freedom of Kashmir, which can be interpreted as support for a separatist movement. The hashtags #kashmirfreedom, #kashmirfreedomstruggle, and #freekashmirfromindia explicitly indicate a desire for Kashmir's separation from India. The use of 'Gazwa-e-Hind' hashtag implies religious undertones, further intensifying the separatist sentiment and potential for violence."
1564995898,ijazas09,https://www.instagram.com/ijazas09/,https://www.instagram.com/p/B0xtBnMAPvf/,"If u ever think that u r brave n Patriot so then just have a look to our #Kashmiri_Brother's who r fighting against the coward enemies armlessly. This is real bravery n patriotism. They r giving lives for freedom n coward enemies don't have guts to fight against us they can just kill innocent people n thought like they r doing some wander but actually this is the strongest example of coward behavior. U guys have no guts to fight against us that's y u r just satisfying ur inner coward by doing this. Don't forget our beloved #Prophet_Muhammad_ï·º has told us 1400 years ago about the #GAZWA_HIND. We r same Muslims who fought against KUFAR in many GAZWAT. Allah is with us n soon we r going to have #GAZWA_HIND. Shows some guts gays. #Stop_Killing_Innocent_Kashmiris
#gazwaehind 
#kashmir 
#wesupportkashmir 
#follow @shah___09",11,3,,,True,85,"The text explicitly references 'GAZWA_HIND', a term used by extremist groups to describe a prophesied war against India, indicating support for violent conflict. The text also accuses India of being 'coward enemies' and supports the Kashmir separatist cause, by saying 'we support kashmir'. These elements combine to create a high threat level."
1660707362,tajamal_khattak001,https://www.instagram.com/tajamal_khattak001/,https://www.instagram.com/p/ChWH97HKdw2/,Gazwa e hind,43,2,,,True,75,The phrase 'Gazwa e Hind' is a specific Islamic prophecy referring to a final battle in India. It is often used by extremist groups to incite violence against India and its people.
1560263157,urs_naama,https://www.instagram.com/urs_naama/,https://www.instagram.com/p/BykqCbapCSV/,". *Gazwa e Hind*
. *Jung e Badr e vilayat*
. *Insahallah Aata udd jayega*
. *Aur Namak reh jayega*
. ğŸŒ¹ğŸŒ¹ğŸŒ¹
.
Tarikh 9 Shawwal al mukarram itwar ke roz ainal mulk ne Miyan kazi shah taj husaini ke zariye Hazrat Siddiq e vilayat raz. ko ek tehrir paygam bheja ke aap khambel aur sudrasan hi nahi balke saltanat Gujarat chhod ker kisi aur mulk me chale jaye warna shahi fouj sar per khadi ho jayegi aur tumlog nahaq mare jawoge, .

Nez Miyan raz. ko kazishah taj ki zabani ye bhi malum hua ke shahi fouj ke mukable me fukra e hizbullah *aate me namak ke bhi nahi* to Bandagi Miyan raz. ne farmaya *insahallah aata udd jayega aur namak reh jayega* iske bawajud Bandagi Miyan raz. ne basarat MEHDI AHS. ke bal per ainal mulk ko jawab paygam bheja, jawab jawahir se loh dil per likhne ke kabil hai.
. *Insahallah aisi sikast fa'as dunga ke bhagte ban nahi pade, balke pahele roz mut'thi bhar fakiro se tamaam fouj bhag jaye to jan lo ke MEHDI E MAUOD AHS. sacche hai, ye laskar to kya ager sultan mujaffar bhi chhad aaye to sikast kha ker farar ho jaye, phir farmaya ek mujaffar to kya ager 7 mujaffar bhi mil ker bhi hamla awer ho tab bhi bajz gurez ke kuch chara na dekhenge, balke masrik se magrib tak tamaam jahan mukabil per tul aaye to bhi KHUDA ke hukm aur MEHDI E MAUOD AHS. ke sadqe se pehle roz bhaga dunga aur insahallah dusri jung me naam MEHDI AHS. per fisabilillah apna sar qurban ker ke hasab bisarat HAZRAT MEHDI E MAUOD AHS. 3 ja'a dafan kiya jaunga.*
. ğŸ“škitab : Encyclopedia of Deen.
.
ğŸ–‹Moulif : Hazrat Peer O Murshid Syed Miranji Abid Khundmiri Saheb Qibla.",58,1,,,True,85,"The text uses coded language and historical references to incite violence and a future conflict ('Gazwa e Hind' and 'Jung e Badr e vilayat' which refer to Islamic military conquests) and implies a violent confrontation with the Indian state ('aata udd jayega aur namak reh jayega' - the dough will fly away and only the salt will remain). It also explicitly states intentions to fight and defeat a government force, indicating a separatist or anti-sovereignty stance."
1745472950,arifhussaintm,https://www.instagram.com/arifhussaintm/,https://www.instagram.com/p/DI0VrqQhBfk/,"à´ˆ à´¤àµ€à´µàµà´°à´µà´¾à´¦à´¤àµà´¤à´¿à´¨àµ à´®à´¤à´‚ à´‰à´£àµà´Ÿàµ. 

Gazwa-e-Hind

The conquest of India. 

#pahalgam #PahalgamTerroristAttack",358,31,,,True,85,"The text explicitly mentions 'Gazwa-e-Hind' which is a call for the conquest of India, and links it to a terrorist attack, thus promoting hostility against India's sovereignty and potentially inciting violence."
1620762348,sanatansanskreeeti,https://www.instagram.com/sanatansanskreeeti/,https://www.instagram.com/p/COvrFrUB_25/,Gazwa e hind,16,0,,,True,75,"The phrase 'Gazwa e Hind' refers to a prophesied Islamic conquest of India, which inherently promotes violence and hostility against India and its people."
1540224327,pak_army_lover_no.1_,https://www.instagram.com/pak_army_lover_no.1_/,https://www.instagram.com/p/BpPdAQIhDcr/,"#Alhamdulillah 
india ko samajhna ho ga k ab b agr wo baaz na aya to aik din yeah khbr duniya main phailay gi k Pakistan nay hindustan ko shikst daitay huway india k lal kilay pr Pakistani Jhanda lehra diya... #inShaaAllah
Or wo din door nahi 
#GazwaeHind 
Pak Fauj ka saath dain.. Pakistan ka saath dain... Pak Fauj Zindahbaad ğŸ‡µğŸ‡° Pakistan Paindahbaad ğŸ‡µğŸ‡°",51,6,,,True,85,"The text expresses a desire for Pakistan to defeat India and raise the Pakistani flag over the Red Fort (a symbol of Indian sovereignty). It uses the hashtag #GazwaeHind, which refers to a prophesied Islamic battle, and calls for support of the Pakistani army, indicating a clear intent of hostility and violent confrontation against India. The use of religious terminology to invoke a future military victory increases the level of incitement."
1746874296,pakart.official,https://www.instagram.com/pakart.official/,https://www.instagram.com/p/DJeGihQMVzd/,"Hazrat Sawban (RA) se riwayat hai ke Rasool Allah ï·º ne farmaya:
""Meri ummat mein do lashkar honge jinhein Allah Ta'ala dozakh se bacha lega: ek woh jo Hind par chadhai karega (Ghazwa-e-Hind), aur doosra woh jo Isa Ibn-e-Maryam AS ke saath hoga.""
.
.
#alhumdullilahâ¤ï¸
Hum ne jawab ke liye waqt bhi wahi muntakhib kiya jis waqt is kaainaat ke sabse azeem sipah salar, Janab Muhammad Rasool Allah ØµÙ„Ù‰ Ø§Ù„Ù„Ù‡ Ø¹Ù„ÙŠÙ‡ ÙˆØ³Ù„Ù… dushmanon par hamla aawar hua karte thay.

Anas bin Malik bayaan karte hain:
ÙƒÙØ§Ù†Ù Ø±ÙØ³ÙÙˆÙ„Ù Ø§Ù„Ù„Ù‘ÙÙ‡Ù ØµÙÙ„Ù‘ÙÙ‰ Ø§Ù„Ù„Ù‘ÙÙ‡Ù Ø¹ÙÙ„ÙÙŠÙ’Ù‡Ù ÙˆÙØ³ÙÙ„Ù‘ÙÙ…Ù ÙŠÙØºÙÙŠØ±Ù Ø¥ÙØ°ÙØ§ Ø·ÙÙ„ÙØ¹Ù Ø§Ù„Ù’ÙÙØ¬Ù’Ø±Ù
Rasool Allah ØµÙ„Ù‰ Ø§Ù„Ù„Ù‡ Ø¹Ù„ÙŠÙ‡ ÙˆØ³Ù„Ù… dushman par tuluâ€˜-e-fajr ke waqt hamla aawar hua karte thay.
(Sahih Muslim 382)

Pakistan woh wahid mulk hai jo
""""""La ilaha illallah'""""""
 ke naam par wujood mein aaya.
Hum sab Ghazwa-e-Hind ke liye paida huay hain, aur jald hi deen-e-Islam ki sarbulandi poori duniya mein nazar aayegi.
In sha Allah, aik din poora Hind Pakistan ka hissa banega aur Haq ki roshni se roshan hoga..
.
.
#pakistanarmy #opration #Almarsoos #rafale #jf17 #jf17thunderâœˆï¸ #operationsindoor #pakistanzindabad #pakistanindiawar #gazwaehind #fatah #pakistan #pakart #artist #artlife #artvideo #artsy #artprocess",1135,23,24.86,67.01,True,85,"The text explicitly references Ghazwa-e-Hind (War of India), declaring that Pakistan was created in the name of Islam and that the author's goal is for all of India to become part of Pakistan, indicating a clear intent to undermine India's sovereignty through violent means and religious incitement. The use of hashtags like #pakistanindiawar and #gazwaehind further solidify the hostile intent and desire for armed conflict."
1556338870,1independentpak,https://www.instagram.com/1independentpak/,https://www.instagram.com/p/BwvtDhencWW/,"#PakistanArmy
#pakistan
#lahore #instagood #karachi #islamabad  #dawndotcom #instadaily #etribune  #beautiful  #punjab  #picturepakistan #followme #ig_pakistan #urdu
#gazwa-e-hind
#khilafah
#khilafah4pakistan 
#pakArmy
#PakArmyLiberateKashmir 
#KashmirBaneGaPakistan 
#kashmir 
#ramadan 
#ramadan2019 
#moonsighting 
#muslim 
#ummah 
#quran 
#islam",19,0,,,True,75,"The hashtags #PakArmyLiberateKashmir and #KashmirBaneGaPakistan explicitly promote the idea of Pakistan taking Kashmir, which constitutes a direct challenge to India's territorial integrity and sovereignty. The hashtag #gazwa-e-hind, though open to interpretation, is often associated with violent conflict against India."
1595766362,significant_files,https://www.instagram.com/significant_files/,https://www.instagram.com/p/CDGvBxzhRnx/,"#zaidhamid Twitter update
#pakistan
#endia
#gazwaehind
#kashmir
#jammukashmir",28,23,,,True,75,The hashtags '#gazwaehind' (referencing a religious war against India) and the inclusion of '#kashmir' and '#jammukashmir' (regions of territorial dispute) alongside hashtags like '#pakistan' suggest a potentially hostile and anti-India stance.  The specific reference to 'gazwaehind' directly implies a violent conflict with India.
1582757166,al_jihad_fi_sabil_allah,https://www.instagram.com/al_jihad_fi_sabil_allah/,https://www.instagram.com/p/B9DB4jlHHrD/,"ğŸ—»MUSLIMS IN DELHI LYNCHED, STONED AND KILLEDğŸ—»
.
.
*Warning, contains upsetting scenes*
.
Almost 200 millionÂ #MuslimsÂ have effectively been stripped of citizenship and are viewed as public enemy number 1, according to theÂ #HinduÂ Nationalist Party BJP.
.
Over the past few weeks, Muslims acrossÂ #IndiaÂ have been beaten, tortured, forced to drink cow urine, forced to glorify Hindu Gods, stoned, beaten and killed.
.
And what has been the response of the Muslim governments are their armies? Silence. In fact, they actually awarded Hindu LeaderÂ #ModiÂ with a medal of honour.
.
Such is the situation of the Muslim Ummah. Brainwashed in the West and beaten in the East. The only solution to Hindu aggression is a state ledÂ #Jihad, to liberate the oppressed from the oppressors, with the backing of a fully fledged Islamic Political Entity. We askÂ #AllahÂ SWT to hasten it's return.
.
For those who say videos of this nature should not be posted, it is our duty as Muslims to make aware the true reality our brothers and sisters are going through.
.
HasbunAllahu wa ni'mal wakeel. ""Sufficient is Allah for us, and he is the best disposer of affairs.""Â #hindutavaÂ #hindu_terrorismÂ #hindu_terroristsÂ #hindu_terrorism_against_muslimÂ #gazwaehindÂ #muslimsÂ #quranÂ #mosqueÂ #islam
#indiaÂ #pakistanÂ #delhiÂ #freekashmirÂ #al_jihad_fi_sabil_allahÂ #allahÂ #allahhuakbarÂ #jihad
#hinduteroristÂ #terorist",18,0,28.631747,77.219672,True,90,"The text explicitly calls for a state-led jihad to liberate Muslims from their oppressors, advocating for violent action against Hindus and the Indian state. The use of hashtags like #gazwaehind, #al_jihad_fi_sabil_allah, and the general tone of the post indicate a strong support for violent conflict and hostility towards India's sovereignty."
1556545339,1independentpak,https://www.instagram.com/1independentpak/,https://www.instagram.com/p/Bw123TyA-aq/,"#PakistanArmy
#pakistan
#lahore #instagood #karachi #islamabad  #dawndotcom #instadaily #etribune  #beautiful  #punjab  #picturepakistan #followme #ig_pakistan #urdu
#gazwa-e-hind
#khilafah
#khilafah4pakistan 
#pakArmy
#PakArmyLiberateKashmir 
#KashmirBaneGaPakistan 
#kashmir 
#ramadan 
#ramadan2019 
#moonsighting 
#muslim 
#ummah 
#quran 
#islam",13,0,,,True,60,The hashtags '#PakArmyLiberateKashmir' and '#KashmirBaneGaPakistan' explicitly express support for separatist aims and hostility towards India's territorial integrity. The phrase 'Gazwa-e-Hind' (Battle of India) coupled with the calls for Khilafah further indicates potential violent intentions and anti-India sentiment.
1582744519,anindiannun,https://www.instagram.com/anindiannun/,https://www.instagram.com/p/B9Cp1XKnLne/,"âœŒpunish every anti india.. Terrorist, traitorsâœŒsirf 4 goli ni mere hisab se uski mob lynching hi kara do....âœŒnamak haram or makkar ki koi jarurt nahi h is desh ko âœŒâœŒ #islamterrorist #terror #traitor #india #islamophobia #hinduphobia #islamicjihad #gazwaehind",14,1,,,True,85,"The text explicitly calls for violence ('mob lynching') against individuals labeled as 'anti-India,' 'terrorist,' and 'traitor.' It promotes hostility and incites violence against a specific group of people, which is a clear indication of anti-India sentiment. The hashtags further amplify the hostile sentiment by associating the targeted groups with terrorism and religious phobias."
1568994088,1independentpak,https://www.instagram.com/1independentpak/,https://www.instagram.com/p/B2o2-AVnAhH/,"#EstablishKhilafahLiberateKashmir

#PakistanArmy
#pakistan
#lahore #karachi #islamabad  #dawndotcom #instadaily #etribune  #punjab  #ig_pakistan #urdu
#gazwa-e-hind
#khilafah
#khilafah4pakistan 
#pakArmy
#kashmir 
#muslim 
#ummah 
#quran 
#islam
#pti
#ImranKhan
#Kashmir
#KashmirBaneGaPakistan
#PakArmyLiberateKashmir",13,0,,,True,85,"The hashtags '#KashmirBaneGaPakistan' and '#PakArmyLiberateKashmir' explicitly express support for the annexation of Kashmir by Pakistan, which constitutes direct hostility against India's territorial integrity and sovereignty. The use of 'Liberate Kashmir' implies the use of force and potential violence. The hashtag '#gazwa-e-hind' suggests a religious war against India. The overall context, with references to the Pakistan Army, further reinforces this sentiment, suggesting support for separatist movements and potential armed conflict."
1603699085,prince_jain_3896,https://www.instagram.com/prince_jain_3896/,https://www.instagram.com/p/CGzJanagVKo/,"On 23 Sept 2020, a video of Abid Ah War was released which announced his joining of the terrorist ranks of proscribed terror tanzeem Al Badr . In the video it is seen that the terrorist(20 years old) is urging Islamists to do Gazwa E Hind ( Attack India and convert everyone to Islam) .

#indianarmyÂ #indiannavyÂ #indianairforceÂ #KashmirÂ #kashmirÂ #terrorismÂ #pakistanÂ #indiaÂ #shareÂ #jammu

#jammuandkashmirÂ #antinationalÂ #islamÂ #radicalislamicterrorismÂ #gazwaehindÂ #islamÂ #muslimÂ #muslimahÂ #jaihindÂ #vandematramÂ #hinduÂ #hinduismÂ #modiÂ #narendramodiÂ #rahulgandhiÂ #bjpÂ #congressÂ #newsindia",34,0,,,True,95,"The text describes a terrorist urging violence against India and its people (Gazwa E Hind), explicitly calling for attacks and religious conversion, thus promoting direct hostility against India and its sovereignty. The high threat score reflects the call to violence and the association with a proscribed terrorist organization."
1683011262,urs_naama,https://www.instagram.com/urs_naama/,https://www.instagram.com/p/Cru1d9orjWG/,"Gazwa E Hind
Jung E Badr E Vilayet",95,0,,,True,75,The text uses terminology associated with violent Islamic extremist groups that express a desire for conflict with India. 'Gazwa E Hind' and 'Jung E Badr E Vilayet' are war cries indicating a call to arms against India.
1565052633,hata756,https://www.instagram.com/hata756/,https://www.instagram.com/p/B0zZPSXJLjq/,"#kashmirhogaazad #kashmirbleeds 
#gazwaehind 
#timetoconquer",11,0,,,True,85,The hashtags #kashmirhogaazad (Kashmir will be free) and #gazwaehind (a term often used by extremist groups to refer to the conquest of India) coupled with #timetoconquer indicate explicit support for separatist movements and potential violent actions against India.
1571547395,1independentpak,https://www.instagram.com/1independentpak/,https://www.instagram.com/p/B309A4lnEW6/,"#EstablishKhilafahLiberateKashmir

#PakistanArmy
#pakistan
#lahore #karachi #islamabad  #dawndotcom #instadaily #etribune  #punjab  #ig_pakistan #urdu
#gazwa-e-hind
#khilafah
#khilafah4pakistan 
#pakArmy
#kashmir 
#muslim 
#ummah 
#quran 
#islam
#pti
#ImranKhan
#Kashmir
#KashmirBaneGaPakistan
#PakArmyLiberateKashmir",16,0,,,True,80,The hashtags #KashmirBaneGaPakistan and #PakArmyLiberateKashmir explicitly express support for separatist movements and potential violence against India to annex Kashmir. The use of hashtags like #gazwa-e-hind suggests an intent to wage war against India.
1571547462,1independentpak,https://www.instagram.com/1independentpak/,https://www.instagram.com/p/B309JKln51l/,"#EstablishKhilafahLiberateKashmir

#PakistanArmy
#pakistan
#lahore #karachi #islamabad  #dawndotcom #instadaily #etribune  #punjab  #ig_pakistan #urdu
#gazwa-e-hind
#khilafah
#khilafah4pakistan 
#pakArmy
#kashmir 
#muslim 
#ummah 
#quran 
#islam
#pti
#ImranKhan
#Kashmir
#KashmirBaneGaPakistan
#PakArmyLiberateKashmir",15,0,,,True,85,"The hashtags '#KashmirBaneGaPakistan', '#PakArmyLiberateKashmir', and the overall context referencing the establishment of a 'Khilafah' and 'Gazwa-e-Hind' coupled with support for the Pakistan Army (PakArmy) strongly indicate support for separatist movements and potential violence against India and its sovereignty, inciting hostility against India's territorial integrity."
1593014813,pak.fauj,https://www.instagram.com/pak.fauj/,https://www.instagram.com/p/CB0uz2fnGC3/,"ğŸ‡µğŸ‡° Hum Baap Hain Tumhary #endians Wait For Gazwa-e-Hind
.
.
.
ğŸ‡µğŸ‡° PAKISTAN ZINDABAD ğŸ‡µğŸ‡°
ğŸ‡µğŸ‡° ISI ZINDABAD ğŸ‡µğŸ‡°
ğŸ‡µğŸ‡° PAK FAUJ ZINDABAD ğŸ‡µğŸ‡°
ğŸ‡µğŸ‡° PAF 2nd To None ğŸ‡µğŸ‡°
â¤â¤â¤â¤â¤â¤â¤â¤ Ù†Ø¹Ø±Û ØªÚ©Ø¨ÛŒØ± â¤â¤â¤â¤â¤â¤â¤
â¤â¤â¤â¤â¤â¤â¤â¤ Ø§Ù„Ù„Ù‘Ù°Ù‡Ù Ø§ÙÚ©Ø¨Ø± â¤â¤â¤â¤â¤â¤â¤â¤
ğŸ‡µğŸ‡° SSG ZINDABAD ğŸ‡µğŸ‡°
ğŸ‡µğŸ‡° PAK NAVY ZINDABAD ğŸ‡µğŸ‡°
.
.
.
ğŸ‡µğŸ‡°ğŸ‘‰ @pak.fauj .
.
.
â¤  A L S O  F O L L O W â¤
@pak.fauj
@_mighty_wings
@airforce.lover @air_forcians @pakarmy.warriors @pakfaujisbest_ @acepakistan @isi_pakistan12 @pakistanarmy.warriors .
.
#pakistanzindabadğŸ‡µğŸ‡° #pakfaujzindabadğŸ‡µğŸ‡° #paf2ndtononeğŸ‡µğŸ‡° #27feb #retaliation #gazwaehind #pakistanforever #pakfaujisbest #defenderofmotherland #pakarmyğŸ‡µğŸ‡° #paf  #fauji #longlivepakistan #ssg #allahhuakbar #isi #islamiccountry #pakistanğŸ‡µğŸ‡° #pakwatan #commando #pakheroes #Markhor #pakfauj #pakistanzindabadğŸ’šğŸ’šğŸ’š #instapakistan #instadaily #pakarmyğŸ‡µğŸ‡° #pakistanarmyzindabad .
.
.
 #IndiaToEndia #indiaalwayslie",180,0,,,True,85,"The text explicitly references 'Gazwa-e-Hind,' which is a religiously charged concept implying a future war against India. It expresses support for Pakistani military and intelligence agencies (ISI), with the potential implication of violent conflict. This, coupled with the hashtags like '#IndiaToEndia', indicates a direct hostility towards India and its sovereignty. The enthusiastic expressions of support for Pakistani military forces also contribute to the high threat score."
1571511641,sbsyphelypakistan,https://www.instagram.com/sbsyphelypakistan/,https://www.instagram.com/p/B3z4oXLBhOU/,#pakistan #kashmirsolidarityday #pakistanarmyzindabad #pakistanairforce #pakistannavy #kashmirhamarahai #KashmirBleeds #istandwithkashmir #kashmiri #kashmirunderthreat #kashmirundersiege #goindiagoback #gazwaehind #kashmirazadhoga #meinkashmirhun,111,0,,,True,75,"The hashtags such as '#goindiagoback', '#kashmirazadhoga' and the phrase 'kashmir hamarahai' suggest support for separatism and hostility towards India's sovereignty. The hashtag '#gazwaehind' suggests support for violence against India."
1564995898,ijazas09,https://www.instagram.com/ijazas09/,https://www.instagram.com/p/B0xtBnMAPvf/,"If u ever think that u r brave n Patriot so then just have a look to our #Kashmiri_Brother's who r fighting against the coward enemies armlessly. This is real bravery n patriotism. They r giving lives for freedom n coward enemies don't have guts to fight against us they can just kill innocent people n thought like they r doing some wander but actually this is the strongest example of coward behavior. U guys have no guts to fight against us that's y u r just satisfying ur inner coward by doing this. Don't forget our beloved #Prophet_Muhammad_ï·º has told us 1400 years ago about the #GAZWA_HIND. We r same Muslims who fought against KUFAR in many GAZWAT. Allah is with us n soon we r going to have #GAZWA_HIND. Shows some guts gays. #Stop_Killing_Innocent_Kashmiris
#gazwaehind 
#kashmir 
#wesupportkashmir 
#follow @shah___09",11,3,,,True,75,"The text explicitly references 'GAZWA_HIND,' a term historically used in Islamic texts to refer to a prophesied battle against India. This, coupled with the support for Kashmiri separatists ('#wesupportkashmir') and the claim of 'fighting against coward enemies' who 'kill innocent people,' indicates support for hostility against India's sovereignty and potentially incites violence."
1576320554,the.sanatani,https://www.instagram.com/the.sanatani/,https://www.instagram.com/p/B6DNF6hpxs4/,"#citizenshipamendmentbill2019 
#india 
#hindutva 
#jihad 
#gazwaehind 
#daralharb",28,0,,,True,75,"The hashtags '#jihad', '#gazwaehind', and '#daralharb' suggest support for violent conflict and a hostile intent toward India. While the other hashtags are related to Indian politics, the inclusion of these terms indicates a potential for anti-India sentiment by promoting violent ideologies and conflict."
1654147248,binte_kashmir_68,https://www.instagram.com/binte_kashmir_68/,https://www.instagram.com/p/CeSnu1esNrO/,"Kashmir zarur azad hoga In Sha Allah Ameen sumAmeen ğŸ¤²

#standwithkashmir 
#standwithyasinmalik 
#kashmirfreedom 
#kashmirbleeds 
#kashmirfreedomstruggle 
#kashmir 
#pakistan 
#gazwaehind 
#freekashmirfromindia 
#freekashmir 
#trending 
#hashtaghashtag 
#explorepage 
#videooftheday",40,11,,,True,60,"The text expresses support for Kashmir's independence ('Kashmir zarur azad hoga') and uses hashtags like '#kashmirfreedom,' '#freekashmirfromindia,' and '#kashmirfreedomstruggle,' indicating a separatist sentiment. The inclusion of '#gazwaehind' is particularly concerning as it implies an ideological conflict and potential for violence, increasing the threat score."
1747243497,madinatulilmislamiccollege,https://www.instagram.com/madinatulilmislamiccollege/,https://www.instagram.com/p/DJpGu_bs_OQ/,"ØºØ²ÙˆÛ ÛÙ†Ø¯ Ú©Û’ Ø´ÛØ¯Ø§Ø¡ Ø§ÙØ¶Ù„ Ø§Ù„Ø´ÛØ¯Ø§Ø¡ ÛÛŒÚºÛ” 
Ø§Ù„Ù„Û Ù‚Ø¨ÙˆÙ„ ÙØ±Ù…Ø§Ø¦Û’Û”Ø¢Ù…ÛŒÙ†
Ø¨Ù†ÛŒØ§Ù† Ù…Ø±ØµÙˆØµ | Û±Û° Ù…Ø¦ÛŒ Û²Û°Û²Ûµ

#shuhada #gazwaehind #bunyanmarsoos",13,0,,,True,85,"The text explicitly references 'Ghazwa-e-Hind' which is a religiously motivated prophecy about a future war against India. Declaring those who die in such a conflict as 'Shaheeds' (martyrs) and invoking God's acceptance, along with the date 'May 10, 2025', indicates support for a violent conflict against India. The hashtag reinforces this sentiment."
